url,shortcode,media_id,taken_at,datetime_utc,media_type,product_type,location_name,like_count,comment_count,view_count,caption,hashtags,mentions,scraped_comments_count,parse_status
https://www.instagram.com/higo_houses/p/DZvNxBzCLhf/,DZvNxBzCLhf,3922414344251947103,1781808249,2026-06-18T18:44:09+00:00,8,carousel_container,Somewhere in Paradise,25,4,,"HIGO HOUSES 
Mallorca🇪🇸 & Tuscany🇮🇹

Each venue, Finca Higo in Mallorca or Castello Higo in Tuscany, has its own unique feeling and spirit. Both combine a place for practice, nature, and simply a place to reconnect with all your senses.

From practice right at the beach in Mallorca to stunning views over the Tuscan countryside, we'd be happy if you'd call Higo Houses your home.

Arrive one way. 
Leave another.

📸
@karin.purker 

#retreat #retreatlife #mallorca #tuscany #pilates",retreat;retreatlife;mallorca;tuscany;pilates,karin.purker,4,ok
https://www.instagram.com/higo_houses/p/DYRSS4aCD-Q/,DYRSS4aCD-Q,3895975615006261136,1778656533,2026-05-13T07:15:33+00:00,8,carousel_container,,31,1,,"📍 Castello Higo - Tuscany, Italy 🇮🇹

Our Castello is nestled in the heart of Tuscany, just a 15-minute drive from Siena.

Each room tells a story of centuries past. Original 17th-century frescoes, antique furniture, and Italian works of art blend seamlessly with the peaceful countryside surrounding Siena.

Once a Tuscan wedding venue, this stunning Castello is now slowly being transformed into a place to reconnect, feel grounded, and immerse yourself in the art and history carried within its walls.

Our retreat centre can host up to 20 guests across 11 rooms and 9 bathrooms, with nearly every room offering access to an ensuite bathroom. On the ground floor, you’ll find our antique fresco-covered studio. With its curved walls and wooden floors, it creates a warm and grounding atmosphere for yoga, movement, and retreat sessions.

Castello Higo is a place to pause in awe, to experience the art, culture, and history that define it. From the historic interiors to the French garden and the pool overlooking Siena, every corner invites you to slow down and take it all in.

#italy #retreat #tuscany #pilatesretreat",italy;retreat;tuscany;pilatesretreat,,1,ok
https://www.instagram.com/higo_houses/reel/DLSnQo2ISGM/,DLSnQo2ISGM,3662162114189009292,1750783783,2025-06-24T16:49:43+00:00,2,clips,"Mallorca, Islas Baleares, Spain",3,0,,"The colours that paint our life 🌿💭
•
#yoga #retreat #nature #mallorca #love #islandlife #island #yogaretreat #mindfulness #beach #yogaretreat #yogaretreatspain #yogaretreatlocation #dream",yoga;retreat;nature;mallorca;love;islandlife;island;yogaretreat;mindfulness;beach;yogaretreat;yogaretreatspain;yogaretreatlocation;dream,,0,ok
https://www.instagram.com/namasyoga1976/p/DZc-sYcjRRD/,DZc-sYcjRRD,3917281504694965315,1781196366,2026-06-11T16:46:06+00:00,8,carousel_container,"Tuscany, Italy",47,13,,"🇮🇹✨ Tuscany Yoga Retreat | 20–25 September 2027 ✨🇮🇹

I am so excited to finally share a project that I have been quietly working on behind the scenes...

In September 2027, I am planning a very special 'Italian Cultural Yoga Retreat in Tuscany'.

Nestled amongst rolling vineyards, ancient olive groves, and the breathtaking Tuscan countryside near Siena, our retreat home will be a beautiful historic villa full of charm, character, and authentic Italian spirit.

Imagine waking up to panoramic views across the Tuscan landscape, beginning your day with yoga, enjoying delicious local cuisine, exploring centuries of history and culture, sharing long outdoor meals beneath the Italian sky, and embracing the slower pace of life that makes this region so magical.

This retreat will be about so much more than yoga.

✨ Daily yoga practices
✨ Beautiful Tuscan food
✨ A traditional Italian cooking experience
✨ Time to rest, recharge, and reconnect
✨ Exploring local culture and history
✨ Meaningful connection and community
✨ Space to slow down and savour life

My vision is to create a warm, welcoming, and supportive experience where we can practise together, explore together, share wonderful food, make lasting memories, and immerse ourselves in the beauty of Tuscany.

📍 Tuscany, Italy
📅 20–25 September 2027
🏡 Historic villa near Siena

If this sounds like something you would love to be part of, or if you would like more information, please email: info@namasyoga.co.uk or send me a DM.

I would love to hear from you and share more details as plans unfold.

Places will be limited to maintain an intimate and community-centred experience.

I truly cannot wait to share this experience with you.

With love,

Mas x ❤️

#TuscanyYogaRetreat2027 #Italy2027 #RetreatLife #YogaTravel #ItalianEscape",TuscanyYogaRetreat2027;Italy2027;RetreatLife;YogaTravel;ItalianEscape,namasyoga.co.uk,1,ok
https://www.instagram.com/studiomond.space/reel/DYeY6rrID5T/,DYeY6rrID5T,3899663913089777235,1779096577,2026-05-18T09:29:37+00:00,2,clips,"Mallorca, Spain",178,11,,No trending audio needed for this one 🐚🏝️,,,9,ok
https://www.instagram.com/higo_houses/reel/DYZqXzHIqxt/,DYZqXzHIqxt,3898333305847852141,1778937582,2026-05-16T13:19:42+00:00,2,clips,"Tuscany, Italy",17,1,,"📍 Castello Higo - Tuscany, Italia
Art, elegance, and history, our little castle in the heart of Tuscany is the perfect spot for retreats that want to lean back and enjoy the beauty of Italy😋😍

Open spots for fall 2026.

#yogaretreat #yoga #tuscanyretreat #castellohigo #artstudio",yogaretreat;yoga;tuscanyretreat;castellohigo;artstudio,,1,ok
https://www.instagram.com/talesofher_retreats/reel/DX7GOoNI-c1/,DX7GOoNI-c1,3889730096686425909,1777912361,2026-05-04T16:32:41+00:00,2,clips,"Mallorca, Spain",34,9,,"Wild Woman was everything and more 🍋

This magical finca @higo_houses in a cove surrounded by mountains and water held us in safety and made us go very deep within.

I am so grateful for the beautiful retreat I got to co-create with all the beautiful women who participated. 

And a special thanks goes to @anotherhealingrealm for taking care of all the important details and to @darceysupelli for capturing on videos and photos (still to come!)

I still have to process before I’ll be able to share more words about it. But for now ❤️ is full.

#mallorcaretreat #womensretreat #wombwisdom #talesofherretreats",mallorcaretreat;womensretreat;wombwisdom;talesofherretreats,higo_houses;anotherhealingrealm;darceysupelli,5,ok
https://www.instagram.com/higo_houses/p/DXmVvmKCLKv/,DXmVvmKCLKv,3883887358416302767,1777215474,2026-04-26T14:57:54+00:00,8,carousel_container,"Mallorca, Spain",32,0,,"📍Finca Higo🇪🇸
After many hours and multiple IKEA visits, we are happy to open our new studio for the upcoming session.

The new studio offers a space for creativity and shelter in bad weather.

The next improvement will be a new outdoor wooden deck overlooking the sea and mountains. More information will follow ☺️🙏",,,0,ok
https://www.instagram.com/higo_houses/reel/DXL9m83iChb/,DXL9m83iChb,3876462861815916635,1776330423,2026-04-16T09:07:03+00:00,2,clips,"Tuscany, Italy",32,5,,"Castello Higo - Tuscany, Italy🫒🇮🇹

Located in the heart of Tuscany, just 15 minutes from Siena, is our new portfolio villa, Castello Higo. 

Elegant, historic, and aesthetic, our new retreat center, with its frescoes, culture, and rich history, can welcome up to 20 people in 11 rooms. Hidden among olive groves and overlooking Siena.

We will be welcoming our first groups this summer, and spots for September and October are now open too. Looking forward to sharing further updates. 

Finally, this region of Italy is just such a beauty!
#retreat #tuscany #tuscanyretreat #siena #yogalife",retreat;tuscany;tuscanyretreat;siena;yogalife,,3,ok
https://www.instagram.com/higo_houses/p/DXLrwcwiJh3/,DXLrwcwiJh3,3876384349696333943,1776321038,2026-04-16T06:30:38+00:00,8,carousel_container,"Tuscany, Italy",58,5,,"Your Villa, Your Castle, Your Castello!✨
We are excited to introduce Castello Higo – Tuscany, Italy🫒🇮🇹

After months of searching for our second property to create more variety and availability, we are thrilled to introduce our newest addition in the heart of Tuscany, Italy. Just a 15-minute drive from Siena, this villa, with its history, elegance, frescoes, and sheer beauty, has captured our hearts.

Featuring 11 rooms and a stunning studio in the heart of the villa😍

We’re already excited for the first groups.
Exciting times!✨✨🙏

#italy #pilates
#retreat #tuscany",italy;pilates;retreat;tuscany,,3,ok
https://www.instagram.com/higo_houses/reel/DVjuC6KCHYi/,DVjuC6KCHYi,3847121016728352290,1772833017,2026-03-06T21:36:57+00:00,2,clips,"Mallorca, Spain",11,2,,"Let Nature Lead & Stillness Speak😌
.
.
Finca Higo is blessed with untouched nature and the calmness that comes with it. Protected by the stunning Tramuntana mountains and located right next to the sea, it's the perfect place to reflect and appreciate the art of nature. 🫒🌊",,,1,ok
https://www.instagram.com/higo_houses/p/DVYm2pdiL43/,DVYm2pdiL43,3843993163098799671,1772459715,2026-03-02T13:55:15+00:00,8,carousel_container,"Mallorca, Spain",17,2,,"Retreat by the sea 🌊
Ending with savasana and simply listening to the sounds of nature and the waves is a truly special experience ✨🙏
.
.
.
.
.
.

#mallorca #retreat #sea #savasana #nature",mallorca;retreat;sea;savasana;nature,,0,ok
https://www.instagram.com/herzlicht_akademie_by_katie/reel/DUteAAJjYZ6/,DUteAAJjYZ6,3831850799517763194,1771012240,2026-02-13T19:50:40+00:00,2,clips,,18,4,,"𝐃𝐮 𝐟𝐮𝐧𝐤𝐭𝐢𝐨𝐧𝐢𝐞𝐫𝐬𝐭. 𝐃𝐮 𝐭𝐫𝐚̈𝐠𝐬𝐭 𝐕𝐞𝐫𝐚𝐧𝐭𝐰𝐨𝐫𝐭𝐮𝐧𝐠. 𝐃𝐮 𝐡𝐚̈𝐥𝐭𝐬𝐭 𝐳𝐮𝐬𝐚𝐦𝐦𝐞𝐧.

Irgendwann merkst Du: So wie bisher fühlt es sich nicht mehr stimmig an. Nicht dramatisch, nicht laut, sondern leise und klar.

Dieses Retreat auf Mallorca ist kein Wellnessurlaub und kein „Ich gönn mir mal was“. 

Es ist ein Raum, der Dich zurückholt zu Deiner inneren Ausrichtung, zu Deiner Kraft und Deiner Freude.

In der absoluten Ruhe des UNESCO-Welterbes der Serra de Tramuntana reguliert sich Dein Nervensystem. Dein Körper kommt hinterher. Dein Herz öffnet sich wieder.

Wir klären, was Dich blockiert. 
Nicht theoretisch, sondern spürbar.

Du gehst nicht mit Hochgefühl nach Hause. 
Du gehst stabil. Klar. Aufgerichtet.

Der Rahmen:

📍 Mallorca | UNESCO-Welterbe
🗓️ 10.–15. Mai 2026
🕊️ Maximal 12 Menschen. Privat. Geschützt.
✨ 10 % Early Bird bis 31. März 2026

Kein Massen-Event. Kein Seminarhotel.  Kein Showprogramm.

Ein Raum, in dem Du Dich selbst wieder hörst.

➡️ 𝐀𝐥𝐥𝐞 𝐈𝐧𝐟𝐨𝐬 𝐟𝐢𝐧𝐝𝐞𝐬𝐭 𝐃𝐮 𝐨𝐛𝐞𝐧 𝐢𝐧 𝐦𝐞𝐢𝐧𝐞𝐦 𝐏𝐫𝐨𝐟𝐢𝐥 🤍

➡️ 𝐡𝐭𝐭𝐩𝐬://𝐡𝐞𝐫𝐳𝐥𝐢𝐜𝐡𝐭-𝐚𝐤𝐚𝐝𝐞𝐦𝐢𝐞.𝐜𝐨𝐦/𝐫𝐞𝐭𝐫𝐞𝐚𝐭-𝐬𝐩𝐚𝐧𝐢𝐞𝐧-𝐦𝐚𝐥𝐥𝐨𝐫𝐜𝐚/

Die ersten Gespräche starten bereits jetzt persönlich.

Wenn Du jetzt schon spürst, dass dieses Retreat für Dich relevant ist,
schreib mir direkt eine Nachricht.

Max. 12 Plätze.
Keine Impulsbuchung.
Sondern eine klare Entscheidung für Dich.

Wenn Du innerlich nickst, beginnt genau hier Dein nächster Schritt.

𝐈𝐜𝐡 𝐛𝐢𝐧 𝐧𝐢𝐜𝐡𝐭 𝐡𝐢𝐞𝐫, 𝐮𝐦 𝐝𝐚𝐳𝐮𝐳𝐮𝐠𝐞𝐡𝐨̈𝐫𝐞𝐧.
𝐈𝐜𝐡 𝐛𝐢𝐧 𝐡𝐢𝐞𝐫, 𝐮𝐦 𝐰𝐢𝐫𝐤𝐬𝐚𝐦 𝐳𝐮 𝐬𝐞𝐢𝐧.

#herzlichtakademie #retreatmallorca #selbstführung #energiearbeit #reiki",herzlichtakademie;retreatmallorca;selbstführung;energiearbeit;reiki,,3,ok
https://www.instagram.com/higo_houses/p/DUnacZdiNUR/,DUnacZdiNUR,3830146308795585809,1770809042,2026-02-11T11:24:02+00:00,8,carousel_container,"Mallorca, Spain",3,3,,"Fresh from the garden you’ll get seasonal fruits & veggies grown right here in our lush Mallorcan garden.
•
Directamente de nuestro jardín: frutas y verduras de temporada cultivadas en nuestro exuberante huerto mallorquín.
•
•
•
#yogaretreat #retreatcenter #mallorcayogaretreat #yogamallorca #retreatmallorca
📷: @fraukoppensteiner",yogaretreat;retreatcenter;mallorcayogaretreat;yogamallorca;retreatmallorca,fraukoppensteiner,0,ok
https://www.instagram.com/higo_houses/p/DUjMB4MiAOi/,DUjMB4MiAOi,3828957013812446114,1770667267,2026-02-09T20:01:07+00:00,8,carousel_container,"Mallorca, Spain",3,2,,"Yoga on the terrace by the pool, with views over the sea and private beach access through a lush garden.
•
Yoga en la terraza junto a la piscina, con vistas al mar y acceso privado a la playa a través de un jardín frondoso.
•
•
•
#yogaretreat #retreatcenter #mallorcayogaretreat #yogamallorca #retreatmallorca
📷: @fraukoppensteiner",yogaretreat;retreatcenter;mallorcayogaretreat;yogamallorca;retreatmallorca,fraukoppensteiner,0,ok
https://www.instagram.com/higo_houses/p/DUGuSStjk1H/,DUGuSStjk1H,3820944901052190023,1769712148,2026-01-29T18:42:28+00:00,8,carousel_container,"Mallorca, Spain",3,5,,"Finca Higo is located in the northwest of Mallorca & is set within 38 hectares of private land in the Tramuntana Mountains. Authentic Mallorcan-style rooms, an indoor yoga shala and nature all around.
•
Finca Higo se encuentra en el noroeste de Mallorca y está situada dentro de 38 hectáreas de terreno privado en la Serra de Tramuntana. Habitaciones de auténtico estilo mallorquín, una shala de yoga interior y naturaleza en cada dirección.
•
•
•
#yogaretreat #retreatcenter #mallorcayogaretreat #yogamallorca #retreatmallorca

📷: @fraukoppensteiner",yogaretreat;retreatcenter;mallorcayogaretreat;yogamallorca;retreatmallorca,fraukoppensteiner,1,ok
https://www.instagram.com/higo_houses/p/DT71TyfiKGu/,DT71TyfiKGu,3817879565477913006,1769346732,2026-01-25T13:12:12+00:00,8,carousel_container,"Mallorca, Spain",3,1,,"Mindful movement, deep breaths and flowing practices surrounded by nature. A place to reconnect with your body, held by calm, mountains and Mediterranean light.
•
Movimiento consciente, respiraciones profundas y prácticas fluidas rodeadas de naturaleza. Un espacio para reconectar con tu cuerpo, sostenido por la calma, las montañas y la luz del Mediterráneo.
•
•
•
📷: @fraukoppensteiner 
#yogaretreat #retreatcenter #mallorcayogaretreat #yogamallorca #retreatmallorca",yogaretreat;retreatcenter;mallorcayogaretreat;yogamallorca;retreatmallorca,fraukoppensteiner,0,ok
https://www.instagram.com/higo_houses/reel/DTn9wTWCEY0/,DTn9wTWCEY0,3812287209735210548,1768680185,2026-01-17T20:03:05+00:00,2,clips,"Mallorca, Spain",3,4,,"A calm space for movement and breath. Our yoga shala is fully equipped with high-quality @lotuscrafts mats and props for up to 15 people. A light-filled place to practice, connect and flow together.
•
Un espacio sereno para el movimiento y la respiración. Nuestro shala de yoga está totalmente equipado con mats y accesorios de alta calidad de @lotuscrafts para hasta 15 personas. Un lugar lleno de luz para practicar, conectar y fluir juntos.
•
•
•
#yogaretreat #retreatcenter #mallorcayogaretreat #yogamallorca #retreatmallorca",yogaretreat;retreatcenter;mallorcayogaretreat;yogamallorca;retreatmallorca,lotuscrafts;lotuscrafts,2,ok
https://www.instagram.com/higo_houses/p/DTWk6XuiDzP/,DTWk6XuiDzP,3807392875869125839,1768096621,2026-01-11T01:57:01+00:00,8,carousel_container,"Mallorca, Spain",3,1,,"Yoga by the shore, feet in the sand and the sound of the sea all around. Private beach access, fresh ocean air and practice held in pure connection with nature.
📷: @fraukoppensteiner 
•
Yoga junto al mar, con los pies en la arena y el sonido del océano envolviéndolo todo. Acceso privado a la playa, aire marino fresco y una práctica en profunda conexión con la naturaleza.
📷: @fraukoppensteiner 
•
•
•
#yogaretreat #retreatcenter #mallorcayogaretreat #yogamallorca #retreatmallorca",yogaretreat;retreatcenter;mallorcayogaretreat;yogamallorca;retreatmallorca,fraukoppensteiner;fraukoppensteiner,1,ok
https://www.instagram.com/higo_houses/reel/DTFaJmbCDZX/,DTFaJmbCDZX,3802560469324543575,1767520715,2026-01-04T09:58:35+00:00,2,clips,"Mallorca, Spain",3,1,,"Shared meals on the terrace, surrounded by the Tramuntana Mountains. Coming together as a group, enjoying good food, open conversations and the simple joy of being in nature.
•
Comidas compartidas en la terraza, rodeados por las montañas de la Tramuntana. Momentos para reunirse como grupo, disfrutar de buena comida, conversaciones abiertas y la belleza de la naturaleza.
•
•
•
#yogaretreat #retreatcenter #mallorcayogaretreat #yogamallorca #retreatmallorca",yogaretreat;retreatcenter;mallorcayogaretreat;yogamallorca;retreatmallorca,,1,ok
https://www.instagram.com/higo_houses/reel/DS7uXh0CCf0/,DS7uXh0CCf0,3799834637611050996,1767195672,2025-12-31T15:41:12+00:00,2,clips,"Mallorca, Spain",3,0,,"A look back at an incredible 2025 at Finca Higo. Grateful to everyone who shared this season with us. The retreats, the people & the moments of connection are unforgettable. We can’t wait for 2026 & many more meaningful retreats ahead.
•
Un vistazo a un increíble 2025 en Finca Higo. Agradecidos a todos los que compartieron esta temporada con nosotros. Los retiros, las personas y los momentos de conexión son inolvidables. Ya estamos deseando que llegue 2026 y muchos más retiros llenos de significado.
•
•
•
#yogaretreat #retreatcenter #yogateachers #mallorcayoga #wellnessretreats",yogaretreat;retreatcenter;yogateachers;mallorcayoga;wellnessretreats,,0,ok
https://www.instagram.com/higo_houses/p/DS0k2eJCAnb/,DS0k2eJCAnb,3797822458670090715,1766955738,2025-12-28T21:02:18+00:00,8,carousel_container,"Mallorca, Spain",3,10,,"A beautiful recap of the Selfcare Women Yoga Retreat here in Mallorca with @bodymindsoul_yoga & @katharina_schueler. So much presence, connection and gentle energy shared during this special retreat. Thank you for bringing your light to the island. You are always warmly welcome back.
📷: @fraukoppensteiner 
•
Un hermoso recuerdo del Selfcare Women Yoga Retreat aquí en Mallorca con @bodymindsoul_yoga y @katharina_schueler. Mucha presencia, conexión y energía suave compartidas durante este retiro tan especial. Gracias por traer vuestra luz a la isla. Siempre seréis cálidamente bienvenidas de nuevo.
📷: @fraukoppensteiner 
•
•
•
#yogaretreat #retreatcenter #mallorcayogaretreat #yogamallorca #retreatmallorca",yogaretreat;retreatcenter;mallorcayogaretreat;yogamallorca;retreatmallorca,bodymindsoul_yoga;katharina_schueler.;fraukoppensteiner;bodymindsoul_yoga;katharina_schueler.;fraukoppensteiner,5,ok
https://www.instagram.com/higo_houses/p/DSPNHq6iKW-/,DSPNHq6iKW-,3787303513362048446,1765701782,2025-12-14T08:43:02+00:00,8,carousel_container,"Mallorca, Spain",3,2,,"A little recap from the September retreat with @lydiaebuckler & @aminafisher. Days filled with movement, stillness, deep connection and shared moments. Thank you for bringing your beautiful energy here, you’re always welcome back.
•
Un pequeño resumen del retiro de septiembre con @lydiaebuckler y @aminafisher. Días llenos de movimiento, quietud, conexión profunda y momentos compartidos. Gracias por traer vuestra hermosa energía, siempre sois bienvenidas de nuevo.
•
•
•
#yogaretreat #retreatcenter #mallorcayogaretreat #yogamallorca #retreatmallorca 
#yogaretreatspain #mallorcahotel #wellnessretreat #natureescape #fincahigo 
#consciousliving #ecoretreat #mindfultravel #yogaretreatseurope #retreatlife",yogaretreat;retreatcenter;mallorcayogaretreat;yogamallorca;retreatmallorca;yogaretreatspain;mallorcahotel;wellnessretreat;natureescape;fincahigo;consciousliving;ecoretreat;mindfultravel;yogaretreatseurope;retreatlife,lydiaebuckler;aminafisher.;lydiaebuckler;aminafisher.,0,ok
https://www.instagram.com/higo_houses/p/DSAphOhiMwA/,DSAphOhiMwA,3783206290235902976,1765213355,2025-12-08T17:02:35+00:00,8,carousel_container,"Mallorca, Spain",3,0,,"Morning yoga by the pool, embraced by silence and the UNESCO-listed Tramuntana Mountains. No neighbors, no distractions, just you, the view and the rhythm of nature.
•
Yoga matutino junto a la piscina, envuelto en el silencio y las montañas Tramontana, declaradas Patrimonio de la Humanidad por la UNESCO. Sin vecinos, sin distracciones, solo tú, la vista y el ritmo de la naturaleza.
•
•
•
#yogaretreat #retreatcenter #mallorcayogaretreat #yogamallorca #retreatmallorca 
#yogaretreatspain #mallorcahotel #wellnessretreat #natureescape #fincahigo 
#consciousliving #ecoretreat #mindfultravel #yogaretreatseurope #retreatlife",yogaretreat;retreatcenter;mallorcayogaretreat;yogamallorca;retreatmallorca;yogaretreatspain;mallorcahotel;wellnessretreat;natureescape;fincahigo;consciousliving;ecoretreat;mindfultravel;yogaretreatseurope;retreatlife,,0,ok
https://www.instagram.com/higo_houses/reel/DR7CZgRCFGP/,DR7CZgRCFGP,3781626860833100175,1765025107,2025-12-06T12:45:07+00:00,2,clips,"Mallorca, Spain",3,6,,"Take a moment to pause, breathe and come back to yourself. Secure your 2026 retreat now and look forward to peaceful days filled with intention, stillness and mindful connection.
•
Tómate un momento para pausar, respirar y reconectar contigo. Reserva ya tu retiro 2026 y empieza a ilusionarte con días de calma, presencia y vida consciente.
•
•
•
#yogaretreat #retreatcenter #mallorcayogaretreat #yogamallorca #retreatmallorca
#yogaretreatspain #mallorcahotel #wellnessretreat #natureescape #fincahigo
#consciousliving #ecoretreat #mindfultravel #yogaretreatseurope #retreatlife",yogaretreat;retreatcenter;mallorcayogaretreat;yogamallorca;retreatmallorca;yogaretreatspain;mallorcahotel;wellnessretreat;natureescape;fincahigo;consciousliving;ecoretreat;mindfultravel;yogaretreatseurope;retreatlife,,4,ok
https://www.instagram.com/karin.purker/p/DQ7S0MYCmZj/,DQ7S0MYCmZj,3763684665136408163,1762886196,2025-11-11T18:36:36+00:00,8,carousel_container,Cala Tuent,137,17,,"Yoga & Pilates Retreat 🥹🌴🧘🏻‍♀️🤸‍♀️ 
Mallorca | 19.-23. April 2026

> Noch 2 Plätze verfügbar
> Im Doppelzimmer oder als Einzelzimmer buchbar
> Zum Early Bird Preis nurnoch bis 25.11 

Für Fragen, Infos oder zur Buchung schreibe gerne ein Mail an office@karinpurker.at 🌞

#yogaretreat #pilatesretreat #retreats2026 #mallorca",yogaretreat;pilatesretreat;retreats2026;mallorca,karinpurker.at,10,ok
https://www.instagram.com/higo_houses/p/DQU03ZmCIbW/,DQU03ZmCIbW,3752856894977902294,1761595425,2025-10-27T20:03:45+00:00,8,carousel_container,"Mallorca, Spain",3,1,,"Every room opens to beauty with views of the sea, the Tramuntana mountains, the garden, the pool or even our fluffy friends grazing nearby. As soon as you open the window, you can hear and feel the presence of nature all around.
•
Cada habitación se abre a la belleza, con vistas al mar, a las montañas de la Tramuntana, al jardín, a la piscina o incluso a nuestras suaves amigas pastando cerca. Al abrir la ventana, puedes escuchar y sentir la presencia de la naturaleza que te rodea.
•
•
•
#yogaretreat #retreatcenter #mallorcayogaretreat #yogamallorca #retreatmallorca 
#yogaretreatspain #mallorcahotel #wellnessretreat #natureescape #fincahigo 
#consciousliving #ecoretreat #mindfultravel #yogaretreatseurope #retreatlife",yogaretreat;retreatcenter;mallorcayogaretreat;yogamallorca;retreatmallorca;yogaretreatspain;mallorcahotel;wellnessretreat;natureescape;fincahigo;consciousliving;ecoretreat;mindfultravel;yogaretreatseurope;retreatlife,,0,ok
https://www.instagram.com/higo_houses/p/DQHKmEOiFgx/,DQHKmEOiFgx,3749011811153238065,1761137056,2025-10-22T12:44:16+00:00,8,carousel_container,"Mallorca, Spain",3,1,,"An easy afternoon by the pool, the pages of a good book and the soft sounds of nature. Sometimes slowing down is the best way to take care of yourself.
•
Una tarde tranquila junto a la piscina, las páginas de un buen libro y los suaves sonidos de la naturaleza. A veces, cuidarte es simplemente bajar el ritmo.
•
•
•
#yogaretreat #retreatcenter #mallorcayogaretreat #yogamallorca #retreatmallorca 
#yogaretreatspain #mallorcahotel #wellnessretreat #natureescape #fincahigo 
#consciousliving #ecoretreat #mindfultravel #yogaretreatseurope #retreatlife",yogaretreat;retreatcenter;mallorcayogaretreat;yogamallorca;retreatmallorca;yogaretreatspain;mallorcahotel;wellnessretreat;natureescape;fincahigo;consciousliving;ecoretreat;mindfultravel;yogaretreatseurope;retreatlife,,0,ok
https://www.instagram.com/stef.ha.yoga/p/DP5m1IajG3x/,DP5m1IajG3x,3745195342070312433,1760682097,2025-10-17T06:21:37+00:00,8,carousel_container,,39,2,,"Hast du Lust auf Yoga Retreat, dass dir mehr gibt als nur Entspannung & eine traumhafte Location?
Ein Retreat, das dich nachhaltig verändert?

Ein Retreat, und hiermit zitiere ich eine unserer lieben Teilnehmerinnen, das dein Fass nicht nur auffüllt. Sondern umkippt, ausleert, gründlich reinigt und ganz frisch auffüllt?✨🙌🏽🧼

Wunderbar! 
Denn @andilebt und ich tun es wieder🙊💜💫
 
☞︎ wir organisieren unser ✨Be the Light Yoga Retreat✨
 
Hier vereinen wir beide was wir über Jahre auf unseren Reisen, Ausbildungen & in spirituellen Communities gelernt haben: 

Kraftvolle Meditationen, emotionale Release & Regulierungs - Techniken, transformative Mindset Hacks & vieles mehr, die dich dein Leben mal von einer ganz neuen Perspektive sehen & verstehen lassen❤️
 
Komm im Herbst 2026 für eine Woche mit uns in den ruhigen Nordwesten Mallorcas und finde inmitten der Stille der Natur wieder ganz zu dir selbst.

Wir freuen uns euch im @finca_higo einen kraftvollen und wunderschönen Ort für diese zauberhafte Transformation bereitstellen zu dürfen.

Hier die Facts:
☞︎ Vom 20. - 27. September 2026 in Mallorca

* 7 Nächte in einer wunderschönen Villa zwischen Bergen und Meer
* liebevoll zubereitete pflanzliche Mahlzeiten, drei Mal täglich
* tägliches Yoga & Meditationen
* Yoga Nidra
* Embodied Transformational Breathwork Session
* Empowering Soul Photography Session mit @andilebt.photography 
* Kakao Zeremonie & Ecstatic Dance
* Zeremonien & Rituale
* Emotional Healing Workshops
* Mindset Alchemy
* Journaling Praxis
* Kirtan & Sharing Circles
* H’oponopono 
* Zeit am privaten Pool oder am Strand (nur 5 Gehminuten!!) für dich selbst

Gerne beantworten wir dir alle Fragen dazu. Schreib uns an! 🤗  Mehr Infos und die Anmeldung findest du in der Bio oder unter 

www.theblissfulpath.at/retreats 

Wir freuen uns auf dich,
Andi💕Steffi

#bethelightretreat #yogaretreat2026 #mallorca #emotionalhealing #shineyourlight #healing #deeptransformation #yoganidraretreat #sisterhood #spanien🇪🇸 #yogaretreatmallorca #yinyoga #transformationalbreathwork #yoganidrahealing #deephealing #authenticrelating #yoganidraretreat",bethelightretreat;yogaretreat2026;mallorca;emotionalhealing;shineyourlight;healing;deeptransformation;yoganidraretreat;sisterhood;spanien;yogaretreatmallorca;yinyoga;transformationalbreathwork;yoganidrahealing;deephealing;authenticrelating;yoganidraretreat,andilebt;finca_higo;andilebt.photography,1,ok
https://www.instagram.com/higo_houses/p/DPwHUGnCLCf/,DPwHUGnCLCf,3742523458157326495,1760363584,2025-10-13T13:53:04+00:00,8,carousel_container,"Mallorca, Spain",3,1,,"Yoga by the beach, mountains all around, and nature everywhere you look. Finca Higo is a place to breathe, unwind and reconnect with calm.
•
Yoga junto a la playa, montañas a tu alrededor y naturaleza por todas partes. Finca Higo es un lugar para respirar, relajarte y reconectar con la calma.
•
•
•
#yogaretreat #retreatcenter #mallorcayogaretreat #yogamallorca #retreatmallorca 
#yogaretreatspain #mallorcahotel #wellnessretreat #natureescape #fincahigo 
#consciousliving #ecoretreat #mindfultravel #yogaretreatseurope #retreatlife",yogaretreat;retreatcenter;mallorcayogaretreat;yogamallorca;retreatmallorca;yogaretreatspain;mallorcahotel;wellnessretreat;natureescape;fincahigo;consciousliving;ecoretreat;mindfultravel;yogaretreatseurope;retreatlife,,0,ok
https://www.instagram.com/higo_houses/reel/DPrUjRZiCqY/,DPrUjRZiCqY,3741174300255201944,1760202789,2025-10-11T17:13:09+00:00,2,clips,"Mallorca, Spain",3,0,,"Surrounded by mountains and just steps from the sea, Finca Higo is a place where you can feel the magic of nature and reconnect with yourself.
•
Rodeada de montañas y a solo unos pasos del mar, Finca Higo es un lugar donde se siente la magia de la naturaleza y puedes reconectar contigo mismo.
•
•
•
#yogaretreat #retreatcenter #mallorcayogaretreat #yogamallorca #retreatmallorca 
#yogaretreatspain #mallorcahotel #wellnessretreat #natureescape #fincahigo 
#consciousliving #ecoretreat #mindfultravel #yogaretreatseurope #retreatlife",yogaretreat;retreatcenter;mallorcayogaretreat;yogamallorca;retreatmallorca;yogaretreatspain;mallorcahotel;wellnessretreat;natureescape;fincahigo;consciousliving;ecoretreat;mindfultravel;yogaretreatseurope;retreatlife,,0,ok
https://www.instagram.com/higo_houses/p/DPmaOWuCFDM/,DPmaOWuCFDM,3739791876254355660,1760037954,2025-10-09T19:25:54+00:00,8,carousel_container,"Mallorca, Spain",3,6,,"A beautiful recap of the Weekender retreat in September hosted by @anchoringthelight. A truly magical time surrounded by nature and tranquility. Thank you for bringing such wonderful energy to Finca Higo. You‘re always welcome back.
•
Un hermoso resumen del retiro Weekender de septiembre organizado por @anchoringthelight. Un tiempo verdaderamente mágico, rodeado de naturaleza y tranquilidad. Gracias por traer una energía tan especial a Finca Higo. Siempre serás bienvenida de nuevo.
•
•
•
#yogaretreat #retreatcenter #mallorcayogaretreat #yogamallorca #retreatmallorca 
#yogaretreatspain #mallorcahotel #wellnessretreat #natureescape #fincahigo 
#consciousliving #ecoretreat #mindfultravel #yogaretreatseurope #retreatlife",yogaretreat;retreatcenter;mallorcayogaretreat;yogamallorca;retreatmallorca;yogaretreatspain;mallorcahotel;wellnessretreat;natureescape;fincahigo;consciousliving;ecoretreat;mindfultravel;yogaretreatseurope;retreatlife,anchoringthelight.;anchoringthelight.,3,ok
https://www.instagram.com/higo_houses/p/DPg-Yj3CHWi/,DPg-Yj3CHWi,3738262057372906914,1759855585,2025-10-07T16:46:25+00:00,8,carousel_container,"Mallorca, Spain",3,0,,"At Finca Higo, the garden comes alive with lemon, orange, avocado and olive trees. Their fragrance drifts through the air, blending with the sound of nature.
•
En Finca Higo, el jardín cobra vida con limoneros, naranjos, aguacateros y olivos. Su fragancia se mezcla en el aire con los sonidos de la naturaleza.
•
•
•
#retreat #yoga #yogaretreatsworldwide #mallorca #fincahigo #hotelmollorca #retreatmallorca #mallorcahotel #authentic #yoga #calatuent #sacalobra #yogamallorca #sustainability #eco #fincahigo #truth #yogaretreat #conscious #lush #garden #ocean #sea",retreat;yoga;yogaretreatsworldwide;mallorca;fincahigo;hotelmollorca;retreatmallorca;mallorcahotel;authentic;yoga;calatuent;sacalobra;yogamallorca;sustainability;eco;fincahigo;truth;yogaretreat;conscious;lush;garden;ocean;sea,,0,ok
https://www.instagram.com/higo_houses/p/DPbGC8diA4Y/,DPbGC8diA4Y,3736606906471943704,1759658276,2025-10-05T09:57:56+00:00,8,carousel_container,"Mallorca, Spain",3,1,,"On the way to Finca Higo you can witness one of the most beautiful sunsets in the world, surrounded by the Tramuntana mountains. Even before you arrive, you can already feel the calmness, the stillness and the connection with nature begin to unfold.
•
De camino a Finca Higo puedes presenciar una de las puestas de sol más hermosas del mundo, rodeado por las montañas de la Tramuntana. Incluso antes de llegar, ya puedes sentir cómo la calma, la quietud y la conexión con la naturaleza comienzan a manifestarse.
•
•
•
#retreat #yoga #yogaretreatsworldwide #mallorca #fincahigo #hotelmollorca #retreatmallorca #mallorcahotel #authentic #yoga #calatuent #sacalobra #yogamallorca #sustainability #eco #fincahigo #truth #yogaretreat #conscious #lush #garden #ocean #sea #sunset #unesco #tramuntana",retreat;yoga;yogaretreatsworldwide;mallorca;fincahigo;hotelmollorca;retreatmallorca;mallorcahotel;authentic;yoga;calatuent;sacalobra;yogamallorca;sustainability;eco;fincahigo;truth;yogaretreat;conscious;lush;garden;ocean;sea;sunset;unesco;tramuntana,,0,ok
https://www.instagram.com/higo_houses/reel/DPV0myECAJF/,DPV0myECAJF,3735122829487112773,1759481388,2025-10-03T08:49:48+00:00,2,clips,"Mallorca, Spain",3,0,,"On the way to the beach you might meet some of our fluffy friends strolling through the lush garden. Gentle, curious and always a joy to see.
•
De camino a la playa puedes encontrarte con algunos de nuestros amigos peludos paseando por el exuberante jardín. Son dulces, curiosos y siempre una alegría verlos.
•
•
•
#retreat #yoga #yogaretreatsworldwide #mallorca #fincahigo #hotelmollorca #retreatmallorca #mallorcahotel #authentic #yoga #calatuent #sacalobra #yogamallorca #sustainability #eco #fincahigo #truth #yogaretreat #conscious #lush #garden #ocean #sea",retreat;yoga;yogaretreatsworldwide;mallorca;fincahigo;hotelmollorca;retreatmallorca;mallorcahotel;authentic;yoga;calatuent;sacalobra;yogamallorca;sustainability;eco;fincahigo;truth;yogaretreat;conscious;lush;garden;ocean;sea,,0,ok
https://www.instagram.com/higo_houses/p/DPRxo69iHzn/,DPRxo69iHzn,3733983882434346215,1759345587,2025-10-01T19:06:27+00:00,8,carousel_container,"Mallorca, Spain",3,2,,"Our yoga shala is fully equipped with @lotuscrafts props and offers plenty of room for your practice. Large windows can be opened to let in fresh air and the sounds of nature, creating a calming atmosphere. A sound system is also available to enhance your sessions.
•
Nuestro shala de yoga está completamente equipado con accesorios de @lotuscrafts y ofrece mucho espacio para tu práctica. Las amplias ventanas se pueden abrir para dejar entrar el aire fresco y los sonidos de la naturaleza, creando un ambiente relajante. También hay un sistema de sonido disponible para enriquecer tus sesiones.
•
•
•
#retreat #yoga #yogaretreatsworldwide #mallorca #fincahigo #hotelmollorca #retreatmallorca #mallorcahotel #authentic #yoga #calatuent #sacalobra #yogamallorca #sustainability #eco #fincahigo #truth #yogaretreat #conscious #lush #garden #ocean #sea #lotuscrafts",retreat;yoga;yogaretreatsworldwide;mallorca;fincahigo;hotelmollorca;retreatmallorca;mallorcahotel;authentic;yoga;calatuent;sacalobra;yogamallorca;sustainability;eco;fincahigo;truth;yogaretreat;conscious;lush;garden;ocean;sea;lotuscrafts,lotuscrafts;lotuscrafts,1,ok
https://www.instagram.com/higo_houses/p/DPM5kqPiDox/,DPM5kqPiDox,3732611399093336625,1759181974,2025-09-29T21:39:34+00:00,8,carousel_container,"Mallorca, Spain",3,4,,"Our private chef @chefmichelasaragoni creates nourishing meals for each retreat group using fresh, locally sourced ingredients such as homegrown and seasonal produce. The menu for your retreat can be planned and adjusted together with her to fit the needs and wishes of your group.
•
Nuestra chef privada @chefmichelasaragoni crea comidas nutritivas para cada grupo de retiro utilizando ingredientes frescos y de origen local, como productos de temporada y cultivados en casa. El menú de tu retiro puede planearse y ajustarse junto a ella para adaptarse a las necesidades y deseos de tu grupo.
•
•
•
#retreat #yoga #yogaretreatsworldwide #mallorca #fincahigo #hotelmollorca #retreatmallorca #mallorcahotel #authentic #yoga #calatuent #sacalobra #yogamallorca #sustainability #eco #fincahigo #truth #yogaretreat #conscious #lush #garden #ocean #sea #food #privatchef",retreat;yoga;yogaretreatsworldwide;mallorca;fincahigo;hotelmollorca;retreatmallorca;mallorcahotel;authentic;yoga;calatuent;sacalobra;yogamallorca;sustainability;eco;fincahigo;truth;yogaretreat;conscious;lush;garden;ocean;sea;food;privatchef,chefmichelasaragoni;chefmichelasaragoni,1,ok
https://www.instagram.com/higo_houses/p/DPHhdqqCJGM/,DPHhdqqCJGM,3731097990501798284,1759001562,2025-09-27T19:32:42+00:00,8,carousel_container,"Mallorca, Spain",3,0,,"Every room at Finca Higo offers a view, from ocean horizons and mountain peaks to the pool and our lush garden.
•
Cada habitación en Finca Higo ofrece una vista, desde el horizonte del océano y las cumbres de las montañas hasta la piscina y nuestro exuberante jardín.
•
•
•
#retreat #yoga #yogaretreatsworldwide #mallorca #fincahigo #hotelmollorca #retreatmallorca #mallorcahotel #authentic #yoga #calatuent #sacalobra #yogamallorca #sustainability #eco #fincahigo #truth #yogaretreat #conscious #lush #garden #ocean #sea",retreat;yoga;yogaretreatsworldwide;mallorca;fincahigo;hotelmollorca;retreatmallorca;mallorcahotel;authentic;yoga;calatuent;sacalobra;yogamallorca;sustainability;eco;fincahigo;truth;yogaretreat;conscious;lush;garden;ocean;sea,,0,ok
https://www.instagram.com/higo_houses/reel/DO1GVWCiEXJ/,DO1GVWCiEXJ,3725912121771836873,1758383366,2025-09-20T15:49:26+00:00,2,clips,"Mallorca, Spain",3,0,,"Lose yourself in the peaceful rhythm of our garden view. Lush palms swaying, lemon and avocado trees all around, the soft rustle of olive branches in the breeze. From here, you can hear nothing but nature: the wind, the birds, the distant whisper of the sea. A little slice of serenity, just waiting for you.
•
Piérdete en el ritmo tranquilo de nuestro jardín. Palmeras que se mecen, limoneros y aguacateros por todas partes, el suave susurro de las ramas de olivo en la brisa. Desde aquí, no se escucha nada más que la naturaleza: el viento, los pájaros, el murmullo lejano del mar. Un pedacito de serenidad que te está esperando.
•
•
•
#retreat #yoga #yogaretreatsworldwide #mallorca #fincahigo #hotelmollorca #retreatmallorca #mallorcahotel #authentic #yoga #calatuent #sacalobra #yogamallorca #sustainability #eco #fincahigo #truth #yogaretreat #conscious #lush #garden #ocean #sea",retreat;yoga;yogaretreatsworldwide;mallorca;fincahigo;hotelmollorca;retreatmallorca;mallorcahotel;authentic;yoga;calatuent;sacalobra;yogamallorca;sustainability;eco;fincahigo;truth;yogaretreat;conscious;lush;garden;ocean;sea,,0,ok
https://www.instagram.com/higo_houses/p/DOyf_nWCOYV/,DOyf_nWCOYV,3725180552803313173,1758296148,2025-09-19T15:35:48+00:00,8,carousel_container,"Mallorca, Spain",3,4,,"Step inside our cozy indoor yoga shala, fully equipped with high-quality mats and props from @lotuscrafts. Practice inside, by the pool, or even at the beach. Wherever you roll out your mat, we’ve got you covered. 
•
Entra en nuestro acogedor shala de yoga interior, totalmente equipado con esterillas y accesorios de alta calidad de @lotuscrafts. Practica en el interior, junto a la piscina o incluso en la playa. Donde sea que extiendas tu esterilla, ¡nosotros te cubrimos!
•
•
•
#retreat #yoga #yogaretreatsworldwide #mallorca #fincahigo #hotelmollorca #retreatmallorca #mallorcahotel #authentic #yoga #calatuent #sacalobra #yogamallorca #sustainability #eco #fincahigo #truth #yogaretreat #conscious #lotuscrafts #yogashala",retreat;yoga;yogaretreatsworldwide;mallorca;fincahigo;hotelmollorca;retreatmallorca;mallorcahotel;authentic;yoga;calatuent;sacalobra;yogamallorca;sustainability;eco;fincahigo;truth;yogaretreat;conscious;lotuscrafts;yogashala,lotuscrafts.;lotuscrafts.,2,ok
https://www.instagram.com/katharina_schueler/reel/DOv3kIhCEY1/,DOv3kIhCEY1,3724439792462087733,1758208181,2025-09-18T15:09:41+00:00,2,clips,"Mallorca, Spain",183,116,,"✨ GEWINNSPIEL – Gewinne deinen kostenlosen Retreat-Platz! ✨

Ihr Lieben, es ist Zeit, etwas zurückzugeben. Wir möchten euch von Herzen einen wundervollen Platz bei unserem SELFCARE WOMEN YOGA RETREAT auf Mallorca schenken.

Die größte Freude ist es, anderen etwas Gutes zu tun. Deshalb geben wir dir die Möglichkeit, bei unserem Selfcare Women Yoga Retreat dabei zu sein – um deine Seele baumeln zu lassen, dir die Auszeit zu gönnen, die du brauchst, und einfach mal komplett abzuschalten.

⸻

💫 So nimmst du am Gewinnspiel teil:

	1.	Like diesen Beitrag.
	2.	Folge @bodymindsoul_yoga & @katharina_schueler auf Instagram.
	3.	Verlinke deine Lieblingsperson in den Kommentaren, mit der du nach Mallorca fliegen möchtest, und schreibe dazu, warum du unbedingt dabei sein möchtest.
	4.	Erhöhe deine Gewinnchance, indem du diesen Beitrag in deiner Story teilst.

Wir drücken dir fest die Daumen, dass du diesen besonderen Platz gewinnst! 🍀

⸻

ℹ️ Good to know:

• Für dich und deine Herzensperson ist bereits ein Doppelzimmer in unserer traumhaften Finca reserviert.

• Wichtig: ❗️Der Gewinn kann nur eingelöst werden, wenn du gemeinsam mit deiner Begleitperson teilnimmst. Deine Freundin/dein Lieblingsmensch zahlt den regulären Retreat-Beitrag (minus 10 % Rabatt).

• Du erhältst deinen Retreatplatz (inklusive Unterkunft und Verpflegung) komplett kostenfrei.

👉 Teilnahmeschluss: Sonntag, 21. September, 21:00 Uhr

💙P.S.: Falls du dieses Retreat schon gebucht hast, kannst du trotzdem teilnehmen und deinen Platz gewinnen.

#gewinnspiel #mallorcaretreat #selfcare #zeitfürdich #frauenretreat #meer #auszeit

Bildmaterial: @danielwaschnig & @finca_higo",gewinnspiel;mallorcaretreat;selfcare;zeitfürdich;frauenretreat;meer;auszeit,bodymindsoul_yoga;katharina_schueler;danielwaschnig;finca_higo,15,ok
https://www.instagram.com/higo_houses/p/DOS4-tPiG8D/,DOS4-tPiG8D,3716283242325241603,1757235506,2025-09-07T08:58:26+00:00,8,carousel_container,"Mallorca, Spain",3,0,,"At Finca Higo, every room is designed as a peaceful retreat, embracing simplicity, natural light and the art of slow living. Our shared spaces radiate warmth and character, inviting you to settle in and feel truly at home.
•
En Finca Higo, cada habitación está concebida como un refugio de paz, donde reinan la sencillez, la luz natural y el arte de vivir despacio. Nuestras áreas comunes desprenden calidez y personalidad, invitándote a instalarte y sentirte realmente en casa.
•
•
•
#retreat #yoga #yogaretreatsworldwide #mallorca #fincahigo #hotelmollorca #retreatmallorca #mallorcahotel #authentic #yoga #calatuent #sacalobra #yogamallorca #sustainability #eco #fincahigo #truth #yogaretreat #conscious #yoga #retreat",retreat;yoga;yogaretreatsworldwide;mallorca;fincahigo;hotelmollorca;retreatmallorca;mallorcahotel;authentic;yoga;calatuent;sacalobra;yogamallorca;sustainability;eco;fincahigo;truth;yogaretreat;conscious;yoga;retreat,,0,ok
https://www.instagram.com/higo_houses/p/DOOrYkXiBiI/,DOOrYkXiBiI,3715097546944157832,1757094160,2025-09-05T17:42:40+00:00,8,carousel_container,"Mallorca, Spain",3,3,,"Follow the quiet trails that wind through the Tramuntana mountains, leading you from Finca Higo to the dramatic cliffs of Sa Calobra. Hike, breathe and let the landscape move something within you.
•
Sigue los senderos silenciosos que serpentean por la Sierra de Tramuntana, desde Finca Higo hasta los imponentes acantilados de Sa Calobra.
Camina, respira y deja que el paisaje despierte algo en tu interior.
•
•
•
#retreat #yoga #yogaretreatsworldwide #mallorca #fincahigo #hotelmollorca #retreatmallorca #mallorcahotel #authentic #yoga #calatuent #sacalobra #yogamallorca #sustainability #eco #fincahigo #truth #yogaretreat #conscious #yoga #retreat",retreat;yoga;yogaretreatsworldwide;mallorca;fincahigo;hotelmollorca;retreatmallorca;mallorcahotel;authentic;yoga;calatuent;sacalobra;yogamallorca;sustainability;eco;fincahigo;truth;yogaretreat;conscious;yoga;retreat,,2,ok
https://www.instagram.com/higo_houses/p/DOJdmBdCMPi/,DOJdmBdCMPi,3713629523993478114,1756919158,2025-09-03T17:05:58+00:00,8,carousel_container,"Mallorca, Spain",3,2,,"Finca Higo isn’t just a retreat space, it’s a sanctuary where you can unwind, reconnect and renew. You‘ll find a place designed for rest and inspiration. Begin your journey here: finca-higo.com
•
Finca Higo no es solo un espacio de retiro, es un santuario donde puedes relajarte, reconectar y renovarte. Encontrarás un lugar diseñado para el descanso y la inspiración. Comienza tu viaje aquí: finca-higo.com
•
•
•
#retreat #yoga #yogaretreatsworldwide #mallorca #fincahigo #hotelmollorca #retreatmallorca #mallorcahotel #authentic #yoga #calatuent #sacalobra #yogamallorca #sustainability #eco #fincahigo #truth #yogaretreat #conscious #yoga #retreat",retreat;yoga;yogaretreatsworldwide;mallorca;fincahigo;hotelmollorca;retreatmallorca;mallorcahotel;authentic;yoga;calatuent;sacalobra;yogamallorca;sustainability;eco;fincahigo;truth;yogaretreat;conscious;yoga;retreat,,1,ok
https://www.instagram.com/higo_houses/reel/DN-i9LWiFhm/,DN-i9LWiFhm,3710556880658520166,1756552947,2025-08-30T11:22:27+00:00,2,clips,"Mallorca, Spain",3,0,,"Explore Mallorca’s coves, beautiful hideaways only a quick drive or boat trip from Finca Higo. Your next favorite spot could be waiting just nearby. 
•
Explora las calas de Mallorca, rincones encantadores a solo un corto trayecto en coche o barco desde Finca Higo. Tu próximo lugar favorito podría estar muy cerca.
•
•
•
#retreat #yoga #yogaretreatsworldwide #mallorca #fincahigo #hotelmallorca #retreatmallorca #mallorca #mallorcahotel #authentic #yoga #calatuent #sacalobra #yogamallorca #sustainability #eco #fincahigo #truth #yogaretreat #conscious #yoga #retreat",retreat;yoga;yogaretreatsworldwide;mallorca;fincahigo;hotelmallorca;retreatmallorca;mallorca;mallorcahotel;authentic;yoga;calatuent;sacalobra;yogamallorca;sustainability;eco;fincahigo;truth;yogaretreat;conscious;yoga;retreat,,0,ok
https://www.instagram.com/higo_houses/reel/DN5m5CbCFTd/,DN5m5CbCFTd,3709166813494924509,1756387249,2025-08-28T13:20:49+00:00,2,clips,"Mallorca, Spain",3,2,,"Bask in sunshine, embrace calm and reconnect with intention. Finca Higo is your summer sanctuary.
•
Sumérgete en el sol, abraza la calma y reconéctate con intención. Finca Higo es tu refugio de verano.
•
•
•
#retreat #yoga #yogaretreatsworldwide #mallorca #fincahigo #hotelmallorca #retreatmallorca #mallorca #mallorcahotel #authentic #yoga #calatuent #sacalobra #yogamallorca #sustainability #eco #fincahigo #truth #yogaretreat #conscious #yoga #retreat",retreat;yoga;yogaretreatsworldwide;mallorca;fincahigo;hotelmallorca;retreatmallorca;mallorca;mallorcahotel;authentic;yoga;calatuent;sacalobra;yogamallorca;sustainability;eco;fincahigo;truth;yogaretreat;conscious;yoga;retreat,,1,ok
https://www.instagram.com/higo_houses/p/DNx8lgJ0CXv/,DNx8lgJ0CXv,3707010428238308847,1756130101,2025-08-25T13:55:01+00:00,8,carousel_container,"Mallorca, Spain",118,5,,"We can’t wait to welcome the Selfcare Women Yoga Retreat to Finca Higo from October 13–18, 2025. Led by Katharina & Lisa, this intimate gathering is a celebration of femininity, rest and reconnection, set in the heart of Mallorca’s Tramuntana mountains, just steps away from the sea. A week of soulful connection, nourishing yoga and feminine empowerment awaits you. Learn more at yogaamseerosensteg.at/selfcareretreat.
•
Estamos muy emocionadas de dar la bienvenida al Selfcare Women Yoga Retreat en Finca Higo del 13 al 18 de octubre de 2025. Guiado por Katharina y Lisa, este encuentro íntimo es una celebración de la feminidad, el descanso y la reconexión, en el corazón de la Sierra de Tramuntana en Mallorca, a solo unos pasos del mar.
Te espera una semana de conexión profunda, yoga nutritivo y empoderamiento femenino. Más información en yogaamseerosensteg.at/selfcareretreat
•
•
•
#retreat #yoga #yogaretreatsworldwide #mallorca #fincahigo #hotelmllorca #retreatmallorca #mallorca #mallorcahotel #authentic #yoga #calatuent #sacalobra #yogamallorca #fincahigo #truth #yogaretreat #conscious #yoga #retreat",retreat;yoga;yogaretreatsworldwide;mallorca;fincahigo;hotelmllorca;retreatmallorca;mallorca;mallorcahotel;authentic;yoga;calatuent;sacalobra;yogamallorca;fincahigo;truth;yogaretreat;conscious;yoga;retreat,,3,ok
https://www.instagram.com/higo_houses/p/DNqnZI0o3zu/,DNqnZI0o3zu,3704946894739569902,1755884108,2025-08-22T17:35:08+00:00,8,carousel_container,"Mallorca, Spain",3,0,,"Find your flow. Beyond a swim, our pool offers a space to unwind and embrace the present.
•
Encuentra tu flujo. Más allá de un simple baño, nuestra piscina ofrece un espacio para relajarte y vivir el presente.
•
•
•
#retreat #yoga #yogaretreatsworldwide #mallorca #fincahigo #hotelmallorca #retreatmallorca #mallorca #mallorcahotel #authentic #yoga #calatuent #sacalobra #yogamallorca #sustainability #eco #fincahigo #truth #yogaretreat #conscious #yoga #retreat",retreat;yoga;yogaretreatsworldwide;mallorca;fincahigo;hotelmallorca;retreatmallorca;mallorca;mallorcahotel;authentic;yoga;calatuent;sacalobra;yogamallorca;sustainability;eco;fincahigo;truth;yogaretreat;conscious;yoga;retreat,,0,ok
https://www.instagram.com/higo_houses/p/DNiy9v7IZDO/,DNiy9v7IZDO,3702745989323526350,1755621740,2025-08-19T16:42:20+00:00,8,carousel_container,"Mallorca, Spain",3,0,,"Taking an evening walk at Finca Higo only to fall deeper in love with this stunning island.
•
Dando un paseo al atardecer en Finca Higo, solo para enamorarme aún más de esta isla impresionante.
•
•
•
#retreat #yoga #yogaretreatsworldwide #mallorca #fincahigo #hotelmallorca #retreatmallorca #mallorca #mallorcahotel #authentic #yoga #calatuent #sacalobra #yogamallorca #sustainability #eco #fincahigo #truth #yogaretreat #conscious #yoga #retreat",retreat;yoga;yogaretreatsworldwide;mallorca;fincahigo;hotelmallorca;retreatmallorca;mallorca;mallorcahotel;authentic;yoga;calatuent;sacalobra;yogamallorca;sustainability;eco;fincahigo;truth;yogaretreat;conscious;yoga;retreat,,0,ok
https://www.instagram.com/higo_houses/reel/DNctcnFov9q/,DNctcnFov9q,3701032872000552810,1755417542,2025-08-17T07:59:02+00:00,2,clips,"Mallorca, Spain",3,0,,"What if your next retreat will be an unforgettable journey in a space made to inspire? No distractions, no noise, just your community, our peaceful hideaway and the freedom to create something truly special. At our retreat home, everything is ready for you to bring your vision to life. All it takes is one bold choice to start.
•
¿Y si tu próximo retiro fuera un viaje inolvidable en un espacio creado para inspirar? Sin distracciones, sin ruido, solo tu comunidad, nuestro refugio en la naturaleza y la libertad de crear algo verdaderamente especial. En nuestra casa de retiro, todo está listo para que hagas realidad tu visión. Solo hace falta una decisión valiente para comenzar.
•
•
•
#retreat #yoga #yogaretreatsworldwide #mallorca #fincahigo #hotelmallorca #retreatmallorca #mallorca #mallorcahotel #authentic #yoga #calatuent #sacalobra #yogamallorca #sustainability #eco #fincahigo #truth #yogaretreat #conscious #yoga #retreat",retreat;yoga;yogaretreatsworldwide;mallorca;fincahigo;hotelmallorca;retreatmallorca;mallorca;mallorcahotel;authentic;yoga;calatuent;sacalobra;yogamallorca;sustainability;eco;fincahigo;truth;yogaretreat;conscious;yoga;retreat,,0,ok
https://www.instagram.com/higo_houses/p/DNYa-j4oxu4/,DNYa-j4oxu4,3699825742232886200,1755273619,2025-08-15T16:00:19+00:00,8,carousel_container,"Mallorca, Spain",3,3,,"Just 10 minutes from Finca Higo, Sa Calobra awaits with its crystal-clear waters and dramatic coastal views. Swim, snorkel, hike or simply relax by the sea. The famous winding road curve makes the journey an adventure in itself. Along the way, you might even meet some fluffy local friends.
•
A solo 10 minutos de Finca Higo, Sa Calobra te espera con sus aguas cristalinas y vistas costeras espectaculares. Puedes nadar, hacer snorkel, senderismo o simplemente relajarte junto al mar. La famosa carretera serpenteante convierte el trayecto en toda una aventura. Y por el camino, incluso podrías encontrarte con algunos simpáticos amigos lanudos.
•
•
•
#retreat #yoga #yogaretreatsworldwide #mallorca #fincahigo #hotelmallorca #retreatmallorca #mallorca #mallorcahotel #authentic #yoga #calatuent #sacalobra #yogamallorca #sustainability #eco #fincahigo #truth #yogaretreat #conscious #yoga #retreat",retreat;yoga;yogaretreatsworldwide;mallorca;fincahigo;hotelmallorca;retreatmallorca;mallorca;mallorcahotel;authentic;yoga;calatuent;sacalobra;yogamallorca;sustainability;eco;fincahigo;truth;yogaretreat;conscious;yoga;retreat,,1,ok
https://www.instagram.com/higo_houses/p/DNLkCPPI9ZI/,DNLkCPPI9ZI,3696206402661111368,1754842161,2025-08-10T16:09:21+00:00,8,carousel_container,"Mallorca, Spain",3,3,,"From the 12th to the 14th of September, @anchoringthelight will host a transformative journey at our retreat space, WILKA TAITA SELF SOURCE WEEKENDER. These three days of Ceremony will take place on the beautiful island of Mallorca. You will sit in Ceremony at the stunning 18th-century Finca Higo, surrounded by the Tramuntana mountains and with private access to the beach. This retreat offers the opportunity to connect deeply with nature and with yourself, nurturing your somatic intelligence. 
More information can be found at anchoringthelight.com.

P.S.: Only a few more spots left, so be quick!
•
Del 12 al 14 de septiembre, @anchoringthelight te invita a vivir un viaje transformador en nuestro espacio de retiro, WILKA TAITA SELF SOURCE WEEKENDER.
Durante estos tres días de Ceremonia, nos reuniremos en la hermosa isla de Mallorca. Compartirás la Ceremonia en la impresionante Finca Higo, del siglo XVIII, rodeada por las montañas de la Tramuntana y con acceso privado a la playa. Este retiro ofrece la oportunidad de conectar profundamente con la naturaleza y contigo mismo, nutriendo tu inteligencia somática.
Puedes encontrar más información en anchoringthelight.com.

P.D.: ¡Quedan muy pocas plazas, así que date prisa!
•
•
•
#yoga #retreat #nature #mallorca #islandlife #island #yogaretreat #mindfulness #yogaretreat #yogaretreatspain #yogaretreatlocation #anchoringthelight #spiritualawakening",yoga;retreat;nature;mallorca;islandlife;island;yogaretreat;mindfulness;yogaretreat;yogaretreatspain;yogaretreatlocation;anchoringthelight;spiritualawakening,anchoringthelight;anchoringthelight,1,ok
https://www.instagram.com/chefmichelasaragoni/p/DMqZH2jonQ_/,DMqZH2jonQ_,3686869735735194687,1753729143,2025-07-28T18:59:03+00:00,1,feed,,51,1,,"I am very happy to announce the beginning of my collaboration with @finca_higo ,  an hidden gem nestled between Mallorca’s mountains and the sea, where Anton and Jakob created a space where yoga, nature and community come together in harmony to offer your group a seamless and soulful retreat experience. On my side, I’ll do my best to support the project with healthy food tailor made with love on the necessities of the groups! Very looking forward!
.
#chefmichelasaragoni #fincahigo #privatechef #yogaretreatmallorca #exclusiveplace #yogalocation #yogachef #calatuent #mallorca",chefmichelasaragoni;fincahigo;privatechef;yogaretreatmallorca;exclusiveplace;yogalocation;yogachef;calatuent;mallorca,finca_higo,1,ok
https://www.instagram.com/higo_houses/p/DMp5sQ3oPRj/,DMp5sQ3oPRj,3686731500400735331,1753712664,2025-07-28T14:24:24+00:00,8,carousel_container,"Mallorca, Spain",3,0,,"At Finca Higo, food is a celebration of balance, beauty and intention. Our plant-based, seasonal dishes are thoughtfully prepared to nourish, using fresh ingredients, many of which come straight from our own garden. With our private chef @chefmichelasaragoni, we’re happy to co-create a menu that suits the unique needs and preferences of your wonderful community.
•
En Finca Higo, la comida es una celebración del equilibrio, la belleza y la intención. Nuestros platos de origen vegetal y de temporada están cuidadosamente preparados para nutrir, utilizando ingredientes frescos, muchos de ellos directamente de nuestro propio huerto. Con nuestra chef privada @chefmichelasaragoni, estaremos encantados de crear juntos un menú que se adapte a las necesidades y preferencias únicas de tu hermosa comunidad.
•
•
•
#yoga #retreat #nature #mallorca #love #islandlife #yogaretreat #island #mindfulness #beach #yogaretreatspain #yogaretreat #yogaretreatlocation #retreatlocation #fruits #food #lush #lushgarden",yoga;retreat;nature;mallorca;love;islandlife;yogaretreat;island;mindfulness;beach;yogaretreatspain;yogaretreat;yogaretreatlocation;retreatlocation;fruits;food;lush;lushgarden,chefmichelasaragoni;chefmichelasaragoni,0,ok
https://www.instagram.com/higo_houses/p/DMgLpCWI3Hy/,DMgLpCWI3Hy,3683995693718139378,1753386531,2025-07-24T19:48:51+00:00,8,carousel_container,"Mallorca, Spain",3,2,,"Summer in our garden is a celebration of abundance with sun-kissed flavors, fragrant air and moments of stillness that nourish the soul. Here, surrounded by nature’s gifts, we slow down and savor the simple, homegrown joys.
•
El verano en nuestro jardín es una celebración de la abundancia: sabores bañados por el sol, aire perfumado y momentos de calma que nutren el alma. Aquí, rodeados de los regalos de la naturaleza, bajamos el ritmo y disfrutamos de las sencillas alegrías cultivadas en casa.
•
•
•
#yoga #retreat #nature #mallorca #love #islandlife #yogaretreat #island #mindfulness #beach #yogaretreatspain #yogaretreat #yogaretreatlocation #retreatlocation #fruits #food #lush #lushgarden",yoga;retreat;nature;mallorca;love;islandlife;yogaretreat;island;mindfulness;beach;yogaretreatspain;yogaretreat;yogaretreatlocation;retreatlocation;fruits;food;lush;lushgarden,,1,ok
https://www.instagram.com/higo_houses/reel/DMZ-OrMIVe4/,DMZ-OrMIVe4,3682247857682864056,1753178573,2025-07-22T10:02:53+00:00,2,clips,"Mallorca, Spain",3,2,,"Wander through our gardens and meet our woolly companions roaming freely during the day. They’re part of the rhythm of island life - gentle, grounded and slow. Moments like these reveal a deeper layer of Mallorca’s soul and are all part of the Finca Higo experience.
•
Pasea por nuestros jardines y conoce a nuestros lanudos compañeros que deambulan libremente durante el día. Forman parte del ritmo de vida en la isla: tranquilo, arraigado y sin prisas. Momentos así te conectan con una dimensión más profunda del alma mallorquina, y son parte esencial de la experiencia en Finca Higo.
•
•
•
#yoga #retreat #mallorca #nature #yogaretreat #islandlife #love #island #mindfulness #animals #fincahigo #mallorcaparadise",yoga;retreat;mallorca;nature;yogaretreat;islandlife;love;island;mindfulness;animals;fincahigo;mallorcaparadise,,1,ok
https://www.instagram.com/higo_houses/p/DMVNldSI5TJ/,DMVNldSI5TJ,3680908019113366729,1753018451,2025-07-20T13:34:11+00:00,8,carousel_container,"Mallorca, Spain",3,0,,"Yoga retreats at Finca Higo are about presence, meaning, and connection. Surrounded by nature and the quiet beauty of Mallorca, we host intimate celebrations that feel personal, heartfelt, and unforgettable.

If you’re planning your retreat for 2026, we invite you to discover a place where love is celebrated with intention and care. Contact: hello@finca-higo.com
•
Los retiros de yoga en Finca Higo tratan sobre presencia, significado y conexión. Rodeados de naturaleza y la serena belleza de Mallorca, organizamos celebraciones íntimas que se sienten personales, sinceras e inolvidables.

Si estás planificando tu retiro para 2026, te invitamos a descubrir un lugar donde el amor se celebra con intención y cuidado.
Contacto: hello@finca-higo.com
•
•
•
#retreat #yoga #yogaretreatsworldwide #mallorca #fincahigo #hotelmallorca #retreatmallorca #mallorca #mallorcahotel #authentic #yoga #calatuent #sustainable #yogamallorca #sustainability #eco #fincahigo #truth #yogaretreat #conscious #yoga #retreat",retreat;yoga;yogaretreatsworldwide;mallorca;fincahigo;hotelmallorca;retreatmallorca;mallorca;mallorcahotel;authentic;yoga;calatuent;sustainable;yogamallorca;sustainability;eco;fincahigo;truth;yogaretreat;conscious;yoga;retreat,finca;finca,0,ok
https://www.instagram.com/higo_houses/reel/DMNC5QNIGvh/,DMNC5QNIGvh,3678609201134857185,1752744935,2025-07-17T09:35:35+00:00,2,clips,"Mallorca, Spain",3,0,,"Discover the magic of Finca Higo, our wellbeing retreat set in beautifully lush Mediterranean gardens, an oasis ripe with scents of the earth, sea and sun and an ideal setting for the communion of mind, body and spirit → finca-higo.com.
•
Descubre la magia de Finca Higo, nuestro retiro de bienestar rodeado de jardines mediterráneos, un oasis repleto de aromas de tierra, mar y sol y un entorno ideal para re-conectar mente, cuerpo y espíritu → finca-higo.com.
•
•
•
#hotelmallorca #retreatmallorca #mallorca #mallorcahotel #authentic #yoga #calatuent #sustainable #yogamallorca #sustainability #eco #fincahigo #truth #yogaretreat #conscious #yoga #retreat #yogaretreat",hotelmallorca;retreatmallorca;mallorca;mallorcahotel;authentic;yoga;calatuent;sustainable;yogamallorca;sustainability;eco;fincahigo;truth;yogaretreat;conscious;yoga;retreat;yogaretreat,,0,ok
https://www.instagram.com/higo_houses/p/DMHzuwcIoo1/,DMHzuwcIoo1,3677135134250928693,1752568688,2025-07-15T08:38:08+00:00,8,carousel_container,"Mallorca, Spain",65,7,,"Meet Michela, our private chef at Finca Higo. With a passion for creating unique culinary experiences, she brings creativity, care and a deep respect for ingredients to every dish. After sailing over 80,000 sea miles as a yacht chef, she now brings her refined, flexible style to the natural charm of our retreat kitchen.
•
Conoce a Michela, nuestra chef privada en Finca Higo. Con una pasión por crear experiencias culinarias únicas, aporta creatividad, dedicación y un profundo respeto por los ingredientes en cada plato. Tras haber navegado más de 80,000 millas náuticas como chef en yates, ahora trae su estilo refinado y flexible a la cocina con encanto natural de nuestro retiro.
•
•
•
#mallorcayogaretreat #fincahigo #mallorcaretreat #mallorca #privatechef #yogaretreat",mallorcayogaretreat;fincahigo;mallorcaretreat;mallorca;privatechef;yogaretreat,,5,ok
https://www.instagram.com/higo_houses/reel/DMF7ZeCIC8U/,DMF7ZeCIC8U,3676605905796869908,1752505801,2025-07-14T15:10:01+00:00,2,clips,"Mallorca, Spain",3,0,,"Our retreat space at this time of the year 🌞🌴
•
Nuestro lugar de retiro en esta temporada 🌊🌿
•
•
•
#yoga #retreat #nature #mallorca #islandlife #yogaretreat #mallorcahotel #hotelmallorca #yogamallorca #retreatmallorca #fincahigo",yoga;retreat;nature;mallorca;islandlife;yogaretreat;mallorcahotel;hotelmallorca;yogamallorca;retreatmallorca;fincahigo,,0,ok
https://www.instagram.com/higo_houses/reel/DLz6AOXIXSl/,DLz6AOXIXSl,3671533223355184293,1751901239,2025-07-07T15:13:59+00:00,2,clips,"Mallorca, Islas Baleares, Spain",3,1,,"Looking for your next yoga retreat location?👇🏼

Tap the link in our bio to book a free call. Let‘s exchange ideas and bring your vision to life 🌞🧘
•
•
•
#yoga #retreat #nature #mallorca #love #islandlife #yogaretreat #island #mindfulness #beach #unesco #unescoworldheritage #yogaretreatspain",yoga;retreat;nature;mallorca;love;islandlife;yogaretreat;island;mindfulness;beach;unesco;unescoworldheritage;yogaretreatspain,,0,ok
https://www.instagram.com/higo_houses/reel/DLshc0noSE5/,DLshc0noSE5,3669454912579772729,1751653194,2025-07-04T18:19:54+00:00,2,clips,"Mallorca, Islas Baleares, Spain",3,0,,"Take a deep breath and dream about a Mallorcan retreat 🌞

📌 Finca Higo, Cala Tuent, Mallorca
•
•
•
#yoga #retreat #nature #mallorca #love #islandlife #yogaretreat #island #mindfulness #roomwithaview #roomescape",yoga;retreat;nature;mallorca;love;islandlife;yogaretreat;island;mindfulness;roomwithaview;roomescape,,0,ok
https://www.instagram.com/higo_houses/p/DLfuVCWIWV4/,DLfuVCWIWV4,3665852377470166392,1751223679,2025-06-29T19:01:19+00:00,8,carousel_container,"Mallorca, Islas Baleares, Spain",3,0,,"Can‘t wait to welcome your lovely community here 🥰🧘🌿

P.S.: We still have a few open spots left for October this year. Feel free to book a free intro call via the link in our bio ☺️
•
#yoga #retreat #yogaretreatspain #yogaretreatsworldwide #yogaretreats #mallorca #spain #love",yoga;retreat;yogaretreatspain;yogaretreatsworldwide;yogaretreats;mallorca;spain;love,,0,ok
https://www.instagram.com/higo_houses/reel/DLc5hzEIAiy/,DLc5hzEIAiy,3665057207996647602,1751129183,2025-06-28T16:46:23+00:00,2,clips,"Mallorca, Islas Baleares, Spain",3,0,,Sa Calobra is located in the northwest of Mallorca and is only a 10-minute drive away from Finca Higo😍🏞️,,,0,ok
https://www.instagram.com/higo_houses/p/DLZriY5IXrw/,DLZriY5IXrw,3664151251033094896,1751020889,2025-06-27T10:41:29+00:00,8,carousel_container,"Mallorca, Islas Baleares, Spain",3,0,,"At Finca Higo you’ll be able to practice yoga indoors, in the garden, by the pool or by the sea with all the space and equipment you need.🌿

Give your group a space to practice, rest and reconnect together. ❤️

🧘TO BOOK
Just click on the link in our bio",,,0,ok
https://www.instagram.com/higo_houses/reel/DLXry8so6BJ/,DLXry8so6BJ,3663589439036432457,1750954182,2025-06-26T16:09:42+00:00,2,clips,"Mallorca, Islas Baleares, Spain",3,0,,"A place of fresh air, stillness & unforgettable moments 💭

Nestled between the mountains and the sea, Finca Higo is a hidden retreat center where nature takes the lead 🌿

Whether it’s wandering through our lush garden, breathing in the mountain air or watching the sun dip behind the bay, this is a place that gently stays with you ❤️
•
#yoga #retreat #nature #mallorca #love #islandlife #yogaretreat #island #mindfulness #beach #yogaretreatspain #yogaretreatlocation #retreatlocation",yoga;retreat;nature;mallorca;love;islandlife;yogaretreat;island;mindfulness;beach;yogaretreatspain;yogaretreatlocation;retreatlocation,,0,ok
https://www.instagram.com/higo_houses/p/DLVOhEDoqQ9/,DLVOhEDoqQ9,3662897716685612093,1750871456,2025-06-25T17:10:56+00:00,8,carousel_container,"Mallorca, Islas Baleares, Spain",3,2,,Step inside ❤️ a little sneak peek into some of our dreamy rooms 💭,,,1,ok
https://www.instagram.com/higo_houses/p/DLQQaCMoBda/,DLQQaCMoBda,3661498654862088026,1750704675,2025-06-23T18:51:15+00:00,8,carousel_container,"Mallorca, Islas Baleares, Spain",3,0,,"Space to move, freedom to flow 🧘 It‘s time for Mallorca ☀️ 

Practice yoga indoors or under open skies, surrounded by mountains, sea and trees. It’s a chance to truly reconnect with yourself and with nature 🌿

🗓️ Secure your spot early and start dreaming.
Interested? Book a free intro call via the link in our bio 
•
•
•
#yoga #retreat #mallorca #island #islandlife #nature #mindfulness #fyp #beach #unesco #unescoworldheritage #retreatlocation #yogaretreat #retreatcenter #yogaretreatspain",yoga;retreat;mallorca;island;islandlife;nature;mindfulness;fyp;beach;unesco;unescoworldheritage;retreatlocation;yogaretreat;retreatcenter;yogaretreatspain,,0,ok
https://www.instagram.com/higo_houses/reel/DLMs5nVoRWf/,DLMs5nVoRWf,3660498070440842655,1750585416,2025-06-22T09:43:36+00:00,2,clips,"Mallorca, Islas Baleares, Spain",3,0,,Welcome to Finca Higo ❤️ where nature leads & stillness speaks 🌿,,,0,ok
https://www.instagram.com/higo_houses/p/DLJwr0XoOyT/,DLJwr0XoOyT,3659670289616268435,1750486716,2025-06-21T06:18:36+00:00,8,carousel_container,"Mallorca, Islas Baleares, Spain",3,2,,"From Finca Higo, through our lush garden, all the way to the beach, it’s all yours 🌿 Practice yoga by the pool, by the sea or under the lemon trees, surrounded by UNESCO World Heritage beauty 🌊🧘‍♀️

📍Finca-Higo, Cala Tuent, Mallorca

#yoga #retreat #mallorca #mallorcaparadise #mallorcaisland #island #islandlife #life #love #loveyoga #unesco #unescoworldheritage #nature #garden",yoga;retreat;mallorca;mallorcaparadise;mallorcaisland;island;islandlife;life;love;loveyoga;unesco;unescoworldheritage;nature;garden,,1,ok
https://www.instagram.com/higo_houses/reel/DLIdNHcIztM/,DLIdNHcIztM,3659303141928811340,1750443217,2025-06-20T18:13:37+00:00,2,clips,"Mallorca, Islas Baleares, Spain",3,0,,"A hidden spot to practice yoga by the sea with private beach access, the sound of waves and views that feel like a dream 🥰💭
•
•
•
•
•
#yoga #retreat #nature #mallorca #islandlife #yogaretreat #love #island #mindfulness",yoga;retreat;nature;mallorca;islandlife;yogaretreat;love;island;mindfulness,,0,ok
https://www.instagram.com/higo_houses/p/DJ__j6uofIR/,DJ__j6uofIR,3638906569109926417,1748011488,2025-05-23T14:44:48+00:00,8,carousel_container,"Mallorca, Islas Baleares, Spain",3,2,,"✨ A first glimpse at what’s coming ✨

We’ve transformed our current space into our new yoga shala and while the images here are a visual concept, they offer a close look at the peaceful atmosphere we’re creating.

Think warm light, natural textures and plenty of room to breathe and move 🌞

We’re so excited to welcome you here soon 🧘‍♀️🌿
•
•
•
#FincaHigo #YogaRetreatMallorca #ComingSoon #yoga #retreat #islandlife #yogashala",FincaHigo;YogaRetreatMallorca;ComingSoon;yoga;retreat;islandlife;yogashala,,2,ok
https://www.instagram.com/higo_houses/reel/DJya6ySItoQ/,DJya6ySItoQ,3635086238171716112,1747556092,2025-05-18T08:14:52+00:00,2,clips,"Mallorca, Islas Baleares, Spain",3,0,,Who‘s ready to reconnect with nature again?🥰🌿,,,0,ok
https://www.instagram.com/higo_houses/reel/DJYpWbxI_-t/,DJYpWbxI_-t,3627831361397850029,1746691246,2025-05-08T08:00:46+00:00,2,clips,"Mallorca, Islas Baleares, Spain",3,0,,"They don’t do yoga…yet 😉
But they’re great at greeting you with a smile☺️🐑
•
•
•
#nature #yoga #retreat #sheep #animal #love #fyp #mallorca #mallorcaparadise #island #islandlife #actor #animallove #peaceful #garden #lushgarden",nature;yoga;retreat;sheep;animal;love;fyp;mallorca;mallorcaparadise;island;islandlife;actor;animallove;peaceful;garden;lushgarden,,0,ok
https://www.instagram.com/higo_houses/p/DJMulCgIwJc/,DJMulCgIwJc,3624476655573205596,1746291308,2025-05-03T16:55:08+00:00,8,carousel_container,"Mallorca, Islas Baleares, Spain",43,1,,"✨Partnered with @reisigo_com ✨

Your retreats at Finca-Higo are now not only seamless & soulful but also legally secure. Thanks to our collaboration with @reisigo_com 🥳

We’re now fully integrated with a licensed tour operator. Reisigo handles all bookings and insurance-related requirements, ensuring you comply with current travel laws with ease.

You can focus on what truly matters: creating meaningful moments with your community, surrounded by nature, sea & mountains 🌿

📍Finca-Higo, Cala Tuent – Mallorca’s quiet side
🧘‍♀️ Enjoy 7 unique rooms with sea views & 38 hectares of private nature. Practice indoors, in the garden or right on the beach — the perfect setting for every mood.

📸 Swipe for a glimpse
📩 Interested? DM us or head to the link in bio for more info.",,reisigo_com;reisigo_com,1,ok
https://www.instagram.com/higo_houses/reel/DI1FO-tIH5B/,DI1FO-tIH5B,3617820895296388673,1745497958,2025-04-24T12:32:38+00:00,2,clips,"Mallorca, Islas Baleares, Spain",34,0,,"We can already imagine the energy, the movement, the stillness.🧘
This place will hold space for something beautiful. 🌿
We can’t wait to welcome your community to Finca-Higo.😍
•
•
•
#yoga #retreat #retreatready #mallorca #mallorcaparadise #mallorcalovers #nature #reelsviral #reels #love #island #islandlife #fyp",yoga;retreat;retreatready;mallorca;mallorcaparadise;mallorcalovers;nature;reelsviral;reels;love;island;islandlife;fyp,,0,ok
https://www.instagram.com/higo_houses/reel/DIwsWy1IBBq/,DIwsWy1IBBq,3616585581231870058,1745350658,2025-04-22T19:37:38+00:00,2,clips,"Mallorca, Islas Baleares, Spain",3,0,,"and suddenly, life is never the same. New spirit, new people, new memories. You realise this is what living truly feels like ✨

So book that retreat, this is your sign! ☀️

#yoga #retreat #lifechanging #smiles #travel #mallorca #fyp #nature #mindfulness #yogaretreat #beach #love #islandlife",yoga;retreat;lifechanging;smiles;travel;mallorca;fyp;nature;mindfulness;yogaretreat;beach;love;islandlife,,0,ok
https://www.instagram.com/higo_houses/p/DItUyIMogYr/,DItUyIMogYr,3615637481554314795,1745237597,2025-04-21T12:13:17+00:00,1,feed,"Mallorca, Islas Baleares, Spain",19,3,,"Escape to a hidden gem in Mallorca 🌿 

@finca_higo is the perfect place for your next transformative yoga retreat, surrounded by the UNESCO-listed Tramuntana Mountains and the serene Cala Tuent. 🌊

Practice in nature, flow through lush gardens or relax by the beach. 🧘‍♀️

Limited spots available for the first two weeks of September this year — don’t miss out! 😍

Interested? Feel free to contact us and check the link in our bio for more details. 😊

#yoga #retreat #mallorca #nature #island #islandlife #unesco #unescoworldheritage #beach #beachlover #mind #mindfulness #fyp #fypage",yoga;retreat;mallorca;nature;island;islandlife;unesco;unescoworldheritage;beach;beachlover;mind;mindfulness;fyp;fypage,finca_higo,3,ok
https://www.instagram.com/higo_houses/reel/DIrdlgBomxx/,DIrdlgBomxx,3615113246251576433,1745175197,2025-04-20T18:53:17+00:00,2,clips,"Mallorca, Islas Baleares, Spain",3,0,,"Definition of a perfect day 🧘🌿
•
•
•
#yoga #retreat #mallorca #island #islandlife #nature #sun #ocean #oceanlover #beach #beachlife",yoga;retreat;mallorca;island;islandlife;nature;sun;ocean;oceanlover;beach;beachlife,,0,ok
https://www.instagram.com/higo_houses/reel/DIrYtQ8of2x/,DIrYtQ8of2x,3615091789584793009,1745172651,2025-04-20T18:10:51+00:00,2,clips,"Mallorca, Islas Baleares, Spain",3,0,,"End your day with golden skies and grounded movement. @finca_higo, sunset yoga becomes a ritual - whether on our peaceful terrace, in the lush garden, by the pool or right at the beach with the sound of the sea as your soundtrack. 🌊🧘

Interested? Check the link in our bio ☺️

#yoga #retreat #calm #sun #sunset #nature #meditation #mindfulness #mallorca #mallorcaparadise  #island #islandlife",yoga;retreat;calm;sun;sunset;nature;meditation;mindfulness;mallorca;mallorcaparadise;island;islandlife,finca_higo,0,ok
https://www.instagram.com/higo_houses/reel/DIpEBQBISP0/,DIpEBQBISP0,3614437854045873140,1745094621,2025-04-19T20:30:21+00:00,2,clips,"Mallorca, Islas Baleares, Spain",3,0,,"This is the life - sun, yoga, meditation and endless relaxation. 🌞🌊

Whether you prefer to practice yoga indoors, flow through sessions in the lush gardens or unroll your mat on the beach - our 38 hectares of private nature offer the perfect space for every mood.🧘

Who needs more when you’ve got this? 🌴✨

#yoga #retreat #ThisIsTheLife #CoastalVibes #Wanderlust #BeachDays #OceanLifestyle #LiveYourBestLife #TravelGoals #GoodVibesOnly #IslandLife",yoga;retreat;ThisIsTheLife;CoastalVibes;Wanderlust;BeachDays;OceanLifestyle;LiveYourBestLife;TravelGoals;GoodVibesOnly;IslandLife,,0,ok
https://www.instagram.com/higo_houses/p/DIpA5tTo_TO/,DIpA5tTo_TO,3614424141599601870,1745092955,2025-04-19T20:02:35+00:00,8,carousel_container,,3,0,,"This is the life - sun, yoga, nature, and endless calmness. 🌞🌊

Days spent practicing yoga, breath work and cruising along the coast.

Who needs more when you’ve got this? 🧘✨

#yoga #retreat #ThisIsTheLife #SunSurfSkate #CoastalVibes #Wanderlust #BeachDays #OceanLifestyle #LiveYourBestLife #TravelGoals #GoodVibesOnly #islandlife",yoga;retreat;ThisIsTheLife;SunSurfSkate;CoastalVibes;Wanderlust;BeachDays;OceanLifestyle;LiveYourBestLife;TravelGoals;GoodVibesOnly;islandlife,,0,ok
https://www.instagram.com/higo_houses/reel/DIoNyx5IifX/,DIoNyx5IifX,3614199365115193303,1745066188,2025-04-19T12:36:28+00:00,2,clips,"Mallorca, Islas Baleares, Spain",3,0,,"island therapy 📖🌞🌊🧘
.
.
.
.
.
.
.
.
#mallorca #majorca #mallorcalifestyle #mediterraneanlifestyle #eurosummer #beautifuldestinations #theartofslowliving #pinterestaesthetic #dreamyaesthetic #aesthetics #travelaesthetic #voyaged #discoverunder20k
~~~~~~~~~~~~~~~~~~~~~~~~~~~~~
#yogaretreat #slowliving #pinterest #aesthetic #dreamy",mallorca;majorca;mallorcalifestyle;mediterraneanlifestyle;eurosummer;beautifuldestinations;theartofslowliving;pinterestaesthetic;dreamyaesthetic;aesthetics;travelaesthetic;voyaged;discoverunder20k;yogaretreat;slowliving;pinterest;aesthetic;dreamy,,0,ok
https://www.instagram.com/higo_houses/reel/DIoIQKdI0aS/,DIoIQKdI0aS,3614174996074808978,1745063371,2025-04-19T11:49:31+00:00,2,clips,"Mallorca, Islas Baleares, Spain",3,0,,"One of the most iconic room views @finca_higo 😍
•
•
•
#nature #naturelovers #spain #yoga #yogaretreat #retreat #love #travel #morning #sunrise",nature;naturelovers;spain;yoga;yogaretreat;retreat;love;travel;morning;sunrise,finca_higo,0,ok
https://www.instagram.com/higo_houses/reel/DIebcDDIzNW/,DIebcDDIzNW,3611444625872728918,1744737847,2025-04-15T17:24:07+00:00,2,clips,"Mallorca, Islas Baleares, Spain",29,0,,"Yoga, nature & sea — your retreat starts here 🧘‍♀️☀️

#FincaHigo #YogaRetreat #MallorcaMagic #nature #SoulfulEscape #yoga #mindfulness #calm",FincaHigo;YogaRetreat;MallorcaMagic;nature;SoulfulEscape;yoga;mindfulness;calm,,0,ok
https://www.instagram.com/higo_houses/p/DIeV6NNICqw/,DIeV6NNICqw,3611420310082955952,1744734871,2025-04-15T16:34:31+00:00,8,carousel_container,"Mallorca, Islas Baleares, Spain",16,1,,"Just 5 minutes to paradise 🌊🌴
A short walk through the lush garden leads you to the beach — a peaceful, hidden bay with crystal-clear turquoise water 💙
Perfect for yoga, swimming, snorkeling or simply soaking in the silence. 🧘‍♀️🌞
Looking for adventure? Hop on a boat tour and explore Mallorca’s stunning coastline from the sea. 🚤

#fincahigo #yogabeachvibes #crystalclearwaters #mallorcacoast #retreatdestination #natureescape #yoga #retreat",fincahigo;yogabeachvibes;crystalclearwaters;mallorcacoast;retreatdestination;natureescape;yoga;retreat,,0,ok
https://www.instagram.com/higo_houses/p/DIeT8s_IluC/,DIeT8s_IluC,3611411685553888130,1744733843,2025-04-15T16:17:23+00:00,8,carousel_container,"Mallorca, Islas Baleares, Spain",27,1,,"Space to breathe, space to be 🌿🌅
Finca-Higo sits on 38 hectares of private land — with lush gardens, mountain views, and sunsets that light the cliffs in glowing red tones 🏞✨
Dine under the stars, swim in the pool, or simply wander the peaceful grounds. Here, nature is not just around you — it holds you. 🍊

#fincahigo #retreatspace #sunsetview #mallorcaretreat #natureheals #yogainthemountains #sacredspaces #garden #yoga #retreat #yogaretreat #mountains #mallorca",fincahigo;retreatspace;sunsetview;mallorcaretreat;natureheals;yogainthemountains;sacredspaces;garden;yoga;retreat;yogaretreat;mountains;mallorca,,1,ok
https://www.instagram.com/higo_houses/p/DIeRb1SInx2/,DIeRb1SInx2,3611400630626843766,1744732525,2025-04-15T15:55:25+00:00,8,carousel_container,"Mallorca, Islas Baleares, Spain",21,0,,"Your peaceful retreat at Finca-Higo 🛏
Whether you choose a cozy single or a spacious double room — every space offers comfort, calm, and breathtaking mountain views 🧘‍♀️✨
Wake up to silence, birdsong, and the magic of Mallorca 🌞

#fincahigo #retreatrooms #yogaretreat #mallorcavibes #mountainviews #mindfultravel #serenespaces",fincahigo;retreatrooms;yogaretreat;mallorcavibes;mountainviews;mindfultravel;serenespaces,,0,ok
